TIME,PID,COMM,ON CPU(invalid),OFF CPU(invalid),CPU%
1660389029.56,30704,test,-1,-1,0.00
1660389032.76,30704,test,-1,-1,0.00
1660389035.96,30704,test,-1,-1,0.00
1660389039.16,30704,test,-1,-1,0.00
1660389042.36,30704,test,-1,-1,0.00
1660389045.56,30704,test,-1,-1,0.00
1660389048.75,30704,test,-1,-1,0.00
1660389051.94,30704,test,-1,-1,0.00
1660389055.13,30704,test,-1,-1,0.00
1660389058.32,30704,test,-1,-1,0.00
1660389061.51,30704,test,-1,-1,0.00
1660389064.70,30704,test,-1,-1,0.00
1660389067.88,30704,test,-1,-1,0.00
1660389071.07,30704,test,-1,-1,0.00
1660389074.27,30704,test,-1,-1,0.00
1660389077.46,30704,test,-1,-1,0.00
1660389080.65,30704,test,-1,-1,0.00
1660389083.85,30704,test,-1,-1,0.00
1660389087.04,30704,test,-1,-1,0.00
1660389090.22,30704,test,-1,-1,0.00
1660389093.41,30704,test,-1,-1,0.00
1660389096.60,30704,test,-1,-1,0.00
1660389099.79,30704,test,-1,-1,0.00
1660389102.98,30704,test,-1,-1,0.00
1660389106.17,30704,test,-1,-1,0.00
1660389109.36,30704,test,-1,-1,0.00
1660389112.55,30704,test,-1,-1,0.00
1660389115.73,30704,test,-1,-1,0.00
1660389118.92,30704,test,-1,-1,0.00
1660389122.12,30704,test,-1,-1,0.00
1660389125.32,30704,test,-1,-1,0.00
1660389128.51,30704,test,-1,-1,0.00
1660389131.69,30704,test,-1,-1,0.00
