TIME,PID,COMM,ACTION,SYSCALL ID,PARM1
1660406551.524108,         b'test',37073 ,1,230,0
1660406551.524240,         b'test',37073 ,0,230,0
1660406552.524410,         b'test',37073 ,1,230,0
1660406552.524462,         b'test',37073 ,0,230,0
1660406553.524169,         b'test',37073 ,1,230,0
1660406553.524258,         b'test',37073 ,0,230,0
1660406554.524388,         b'test',37073 ,1,230,0
1660406554.524432,         b'test',37073 ,0,230,0
1660406555.526259,         b'test',37073 ,1,230,0
1660406555.526310,         b'test',37073 ,0,230,0
1660406556.526520,         b'test',37073 ,1,230,0
1660406556.526585,         b'test',37073 ,0,230,0
1660406557.522624,         b'test',37073 ,1,230,0
1660406557.522673,         b'test',37073 ,0,230,0
1660406558.522812,         b'test',37073 ,1,230,0
1660406558.522855,         b'test',37073 ,0,230,0
1660406559.523077,         b'test',37073 ,1,230,0
1660406559.523136,         b'test',37073 ,0,230,0
1660406560.522060,         b'test',37073 ,1,230,0
1660406560.522120,         b'test',37073 ,0,230,0
1660406561.522270,         b'test',37073 ,1,230,0
1660406561.522316,         b'test',37073 ,0,230,0
1660406562.525850,         b'test',37073 ,1,230,0
1660406562.525899,         b'test',37073 ,0,230,0
1660406563.526134,         b'test',37073 ,1,230,0
1660406563.526177,         b'test',37073 ,0,230,0
1660406564.526112,         b'test',37073 ,1,230,0
1660406564.526201,         b'test',37073 ,0,230,0
1660406565.526305,         b'test',37073 ,1,230,0
1660406565.526391,         b'test',37073 ,0,230,0
1660406566.527474,         b'test',37073 ,1,230,0
1660406566.527517,         b'test',37073 ,0,230,0
1660406567.527700,         b'test',37073 ,1,230,0
1660406567.527743,         b'test',37073 ,0,230,0
1660406568.526561,         b'test',37073 ,1,230,0
1660406568.526642,         b'test',37073 ,0,230,0
1660406569.526849,         b'test',37073 ,1,230,0
1660406569.526909,         b'test',37073 ,0,230,0
1660406570.527103,         b'test',37073 ,1,230,0
1660406570.527161,         b'test',37073 ,0,230,0
1660406571.522120,         b'test',37073 ,1,230,0
1660406571.522182,         b'test',37073 ,0,230,0
1660406572.522323,         b'test',37073 ,1,230,0
1660406572.522377,         b'test',37073 ,0,230,0
1660406573.526212,         b'test',37073 ,1,230,0
1660406573.526287,         b'test',37073 ,0,230,0
1660406574.526457,         b'test',37073 ,1,230,0
1660406574.526507,         b'test',37073 ,0,230,0
1660406575.528512,         b'test',37073 ,1,230,0
1660406575.528567,         b'test',37073 ,0,230,0
1660406576.528714,         b'test',37073 ,1,230,0
1660406576.528779,         b'test',37073 ,0,230,0
1660406577.527481,         b'test',37073 ,1,230,0
1660406577.527529,         b'test',37073 ,0,230,0
1660406578.527680,         b'test',37073 ,1,230,0
1660406578.527730,         b'test',37073 ,0,230,0
1660406579.528867,         b'test',37073 ,1,230,0
1660406579.528936,         b'test',37073 ,0,230,0
1660406580.529032,         b'test',37073 ,1,230,0
1660406580.529079,         b'test',37073 ,0,230,0
1660406581.524579,         b'test',37073 ,1,230,0
1660406581.524624,         b'test',37073 ,0,230,0
1660406582.524754,         b'test',37073 ,1,230,0
1660406582.524799,         b'test',37073 ,0,230,0
1660406583.524867,         b'test',37073 ,1,230,0
1660406583.524894,         b'test',37073 ,0,230,0
1660406584.529558,         b'test',37073 ,1,230,0
1660406584.529602,         b'test',37073 ,0,230,0
1660406585.529759,         b'test',37073 ,1,230,0
1660406585.529800,         b'test',37073 ,0,230,0
1660406586.528222,         b'test',37073 ,1,230,0
1660406586.528266,         b'test',37073 ,0,230,0
1660406587.528415,         b'test',37073 ,1,230,0
1660406587.528466,         b'test',37073 ,0,230,0
1660406588.529171,         b'test',37073 ,1,230,0
1660406588.529224,         b'test',37073 ,0,230,0
1660406589.529392,         b'test',37073 ,1,230,0
1660406589.529471,         b'test',37073 ,0,230,0
1660406590.528139,         b'test',37073 ,1,230,0
1660406590.528184,         b'test',37073 ,0,230,0
1660406591.528285,         b'test',37073 ,1,230,0
1660406591.528352,         b'test',37073 ,0,230,0
1660406592.530294,         b'test',37073 ,1,230,0
1660406592.530337,         b'test',37073 ,0,230,0
1660406593.530488,         b'test',37073 ,1,230,0
1660406593.530541,         b'test',37073 ,0,230,0
1660406594.530658,         b'test',37073 ,1,230,0
1660406594.530735,         b'test',37073 ,0,230,0
1660406595.528715,         b'test',37073 ,1,230,0
1660406595.528771,         b'test',37073 ,0,230,0
1660406596.528918,         b'test',37073 ,1,230,0
1660406596.528993,         b'test',37073 ,0,230,0
1660406597.527512,         b'test',37073 ,1,230,0
1660406597.527568,         b'test',37073 ,0,230,0
1660406598.527669,         b'test',37073 ,1,230,0
1660406598.527723,         b'test',37073 ,0,230,0
1660406599.528005,         b'test',37073 ,1,230,0
1660406599.528061,         b'test',37073 ,0,230,0
1660406600.528210,         b'test',37073 ,1,230,0
1660406600.528265,         b'test',37073 ,0,230,0
1660406601.529743,         b'test',37073 ,1,230,0
1660406601.529829,         b'test',37073 ,0,230,0
1660406602.529970,         b'test',37073 ,1,230,0
1660406602.530050,         b'test',37073 ,0,230,0
1660406603.537273,         b'test',37073 ,1,230,0
1660406603.537327,         b'test',37073 ,0,230,0
1660406604.537485,         b'test',37073 ,1,230,0
1660406604.537533,         b'test',37073 ,0,230,0
1660406605.537695,         b'test',37073 ,1,230,0
1660406605.537749,         b'test',37073 ,0,230,0
1660406606.533326,         b'test',37073 ,1,230,0
1660406606.533382,         b'test',37073 ,0,230,0
1660406607.533539,         b'test',37073 ,1,230,0
1660406607.533606,         b'test',37073 ,0,230,0
1660406608.539898,         b'test',37073 ,1,230,0
1660406608.539929,         b'test',37073 ,0,230,0
1660406609.540015,         b'test',37073 ,1,230,0
1660406609.540072,         b'test',37073 ,0,230,0
1660406610.535732,         b'test',37073 ,1,230,0
1660406610.535827,         b'test',37073 ,0,230,0
1660406611.535905,         b'test',37073 ,1,230,0
1660406611.535947,         b'test',37073 ,0,230,0
1660406612.536127,         b'test',37073 ,1,230,0
1660406612.536218,         b'test',37073 ,0,230,0
1660406613.536319,         b'test',37073 ,1,230,0
1660406613.536354,         b'test',37073 ,0,230,0
1660406614.536454,         b'test',37073 ,1,230,0
1660406614.536532,         b'test',37073 ,0,230,0
1660406615.539513,         b'test',37073 ,1,230,0
1660406615.539594,         b'test',37073 ,0,230,0
1660406616.539789,         b'test',37073 ,1,230,0
1660406616.539898,         b'test',37073 ,0,230,0
1660406617.539657,         b'test',37073 ,1,230,0
1660406617.539775,         b'test',37073 ,0,230,0
1660406618.539962,         b'test',37073 ,1,230,0
1660406618.540061,         b'test',37073 ,0,230,0
1660406619.538429,         b'test',37073 ,1,230,0
1660406619.538517,         b'test',37073 ,0,230,0
1660406620.538750,         b'test',37073 ,1,230,0
1660406620.538807,         b'test',37073 ,0,230,0
1660406621.538588,         b'test',37073 ,1,230,0
1660406621.538645,         b'test',37073 ,0,230,0
1660406622.538811,         b'test',37073 ,1,230,0
1660406622.538854,         b'test',37073 ,0,230,0
1660406623.541705,         b'test',37073 ,1,230,0
1660406623.541779,         b'test',37073 ,0,230,0
1660406624.541988,         b'test',37073 ,1,230,0
1660406624.542046,         b'test',37073 ,0,230,0
1660406625.542184,         b'test',37073 ,1,230,0
1660406625.542253,         b'test',37073 ,0,230,0
1660406626.543173,         b'test',37073 ,1,230,0
1660406626.543229,         b'test',37073 ,0,230,0
1660406627.543418,         b'test',37073 ,1,230,0
1660406627.543461,         b'test',37073 ,0,230,0
1660406628.543328,         b'test',37073 ,1,230,0
1660406628.543382,         b'test',37073 ,0,230,0
1660406629.543521,         b'test',37073 ,1,230,0
1660406629.543563,         b'test',37073 ,0,230,0
1660406630.536364,         b'test',37073 ,1,230,0
1660406630.536422,         b'test',37073 ,0,230,0
1660406631.536598,         b'test',37073 ,1,230,0
1660406631.536661,         b'test',37073 ,0,230,0
1660406632.536658,         b'test',37073 ,1,230,0
1660406632.536701,         b'test',37073 ,0,230,0
1660406633.536867,         b'test',37073 ,1,230,0
1660406633.536958,         b'test',37073 ,0,230,0
1660406634.537899,         b'test',37073 ,1,230,0
1660406634.537955,         b'test',37073 ,0,230,0
1660406635.538103,         b'test',37073 ,1,230,0
1660406635.538180,         b'test',37073 ,0,230,0
1660406636.538315,         b'test',37073 ,1,230,0
1660406636.538372,         b'test',37073 ,0,230,0
1660406637.538217,         b'test',37073 ,1,230,0
1660406637.538268,         b'test',37073 ,0,230,0
1660406638.538385,         b'test',37073 ,1,230,0
1660406638.538465,         b'test',37073 ,0,230,0
1660406639.539202,         b'test',37073 ,1,230,0
1660406639.539253,         b'test',37073 ,0,230,0
1660406640.539429,         b'test',37073 ,1,230,0
1660406640.539505,         b'test',37073 ,0,230,0
1660406641.547813,         b'test',37073 ,1,230,0
1660406641.547857,         b'test',37073 ,0,230,0
1660406642.548022,         b'test',37073 ,1,230,0
1660406642.548079,         b'test',37073 ,0,230,0
1660406643.544890,         b'test',37073 ,1,230,0
1660406643.544935,         b'test',37073 ,0,230,0
1660406644.545069,         b'test',37073 ,1,230,0
1660406644.545155,         b'test',37073 ,0,230,0
1660406645.543941,         b'test',37073 ,1,230,0
1660406645.543999,         b'test',37073 ,0,230,0
1660406646.544125,         b'test',37073 ,1,230,0
1660406646.544167,         b'test',37073 ,0,230,0
1660406647.541712,         b'test',37073 ,1,230,0
1660406647.541832,         b'test',37073 ,0,230,0
1660406657.545537,         b'test',37073 ,1,230,0
1660406657.546463,         b'test',37073 ,0,230,0
1660406662.545646,         b'test',37073 ,1,230,0
1660406662.545706,         b'test',37073 ,0,231,0
END